id,first_name,last_name,email,gender,ip_address
1,Brooke,Ropcke,bropcke0@wired.com,Male,184.211.44.178
2,Orlando,Wroughton,owroughton1@unesco.org,Male,110.227.8.97
3,Clayton,Lowmass,clowmass2@wufoo.com,Male,16.80.155.49
4,Florian,Viall,fviall3@elpais.com,Male,53.110.108.54
5,Roderic,Smiz,rsmiz4@squidoo.com,Male,144.235.230.229
6,Johnny,Brideau,jbrideau5@europa.eu,Male,14.1.176.241
7,Kristian,Dillistone,kdillistone6@huffingtonpost.com,Male,235.97.77.12
8,Trula,Fleis,tfleis7@psu.edu,Female,113.229.204.25
9,Zeb,Hickinbottom,zhickinbottom8@mozilla.com,Bigender,9.39.103.145
10,Ravid,Shillitto,rshillitto9@ted.com,Male,249.111.220.37
11,Morgan,Voice,mvoicea@mtv.com,Female,84.206.199.157
12,Louisa,Rulf,lrulfb@trellian.com,Female,68.144.33.68
13,Gauthier,Draper,gdraperc@rambler.ru,Male,5.152.205.74
14,Coleen,Lenormand,clenormandd@acquirethisname.com,Polygender,123.204.248.165
15,Hermia,Krzysztof,hkrzysztofe@themeforest.net,Female,1.73.84.184
16,Camilla,Gandey,cgandeyf@google.ca,Female,172.77.205.30
17,Geneva,Ditts,gdittsg@pinterest.com,Female,60.208.220.59
18,Bettye,Adamowitz,badamowitzh@ucla.edu,Female,235.31.33.199
19,Minnaminnie,Goodger,mgoodgeri@deviantart.com,Female,142.110.175.96
20,Dillon,Bradfield,dbradfieldj@friendfeed.com,Non-binary,213.2.149.234
21,Tonia,Ambrodi,tambrodik@freewebs.com,Female,237.4.89.55
22,Midge,Fearnside,mfearnsidel@imageshack.us,Female,25.178.41.42
23,Betteann,Traynor,btraynorm@upenn.edu,Female,134.101.173.59
24,Rusty,Duinbleton,rduinbletonn@eepurl.com,Male,117.27.41.106
25,Orin,Hume,ohumeo@utexas.edu,Male,146.225.64.208
26,Georgi,Guiot,gguiotp@businessweek.com,Male,22.203.228.28
27,Valentijn,Ahren,vahrenq@com.com,Male,9.28.54.136
28,Angelica,Coady,acoadyr@ow.ly,Female,175.68.117.215
29,Marjory,Follit,mfollits@census.gov,Female,197.192.208.218
30,Carlin,Bird,cbirdt@is.gd,Female,194.167.4.105
31,Phyllis,Conradie,pconradieu@imdb.com,Female,106.200.54.208
32,Luciano,Testro,ltestrov@tumblr.com,Male,253.42.228.171
33,Arlyn,Matussevich,amatussevichw@multiply.com,Female,13.37.251.170
34,Gottfried,Simes,gsimesx@oracle.com,Male,228.245.206.3
35,Kerianne,Stenning,kstenningy@mozilla.com,Female,187.183.3.235
36,Layla,Wilkie,lwilkiez@nifty.com,Female,191.180.26.88
37,Rhetta,Menhenitt,rmenhenitt10@soup.io,Female,46.79.16.34
38,Lek,Mariyushkin,lmariyushkin11@nature.com,Male,194.200.98.168
39,Carmita,Coffey,ccoffey12@squarespace.com,Female,133.246.69.127
40,Goran,Caughan,gcaughan13@reverbnation.com,Male,11.16.169.66
41,Annadiane,Barnett,abarnett14@pbs.org,Female,40.195.165.240
42,Marris,Callam,mcallam15@multiply.com,Female,88.177.254.163
43,Leigh,Nelligan,lnelligan16@cnbc.com,Male,130.193.238.76
44,David,Calan,dcalan17@nytimes.com,Male,41.22.131.173
45,Andre,Grigsby,agrigsby18@adobe.com,Male,7.246.180.114
46,Wallache,Passler,wpassler19@smugmug.com,Male,79.192.156.53
47,Locke,Hugonnet,lhugonnet1a@japanpost.jp,Genderfluid,230.0.26.255
48,Culley,Pettengell,cpettengell1b@wsj.com,Male,177.149.249.201
49,Timothee,D'Abbot-Doyle,tdabbotdoyle1c@nih.gov,Male,229.90.45.46
50,Sylvia,Hoffner,shoffner1d@forbes.com,Female,243.139.71.32
51,Cherye,Beastall,cbeastall1e@purevolume.com,Female,135.210.47.81
52,Luce,Powder,lpowder1f@slashdot.org,Female,129.65.19.136
53,Jillayne,Arbon,jarbon1g@squarespace.com,Female,165.64.57.100
54,Thedric,Bredbury,tbredbury1h@elegantthemes.com,Male,8.63.179.173
55,Radcliffe,Dows,rdows1i@sakura.ne.jp,Male,93.52.123.0
56,Holly,Carty,hcarty1j@ycombinator.com,Female,134.255.72.194
57,Tatum,Main,tmain1k@shop-pro.jp,Female,208.15.58.93
58,Gerri,Craker,gcraker1l@addthis.com,Female,31.72.97.149
59,Marnia,Donavan,mdonavan1m@hubpages.com,Genderfluid,161.49.99.237
60,Cassi,Muddle,cmuddle1n@google.com.au,Female,75.147.99.127
61,Armstrong,Stainbridge,astainbridge1o@deliciousdays.com,Male,46.126.34.162
62,Reinwald,Lingwood,rlingwood1p@usgs.gov,Male,66.113.81.78
63,Mady,Tissier,mtissier1q@digg.com,Female,30.55.81.117
64,Ginni,Fuente,gfuente1r@blog.com,Female,232.238.199.158
65,Micky,Faltskog,mfaltskog1s@barnesandnoble.com,Female,10.75.52.167
66,Hugh,McAtamney,hmcatamney1t@independent.co.uk,Male,184.142.245.160
67,Lind,Mesnard,lmesnard1u@parallels.com,Female,152.237.78.245
68,Lucille,Oxbrow,loxbrow1v@blogspot.com,Female,185.58.140.30
69,Gard,Beining,gbeining1w@exblog.jp,Male,6.203.161.207
70,Catlaina,Shanahan,cshanahan1x@mysql.com,Female,117.100.65.178
71,Gilberta,Plows,gplows1y@about.com,Female,113.52.122.146
72,Andriette,Stichall,astichall1z@indiegogo.com,Female,223.224.73.196
73,Sherwin,Mabone,smabone20@artisteer.com,Male,193.42.107.113
74,Frederic,Lightbourn,flightbourn21@ask.com,Male,143.254.133.191
75,Sheeree,Douris,sdouris22@cmu.edu,Female,204.137.168.14
76,Titus,Torbett,ttorbett23@purevolume.com,Male,78.188.103.69
77,Johnnie,Ffoulkes,jffoulkes24@ehow.com,Male,67.26.44.243
78,Jacob,Rebeiro,jrebeiro25@opera.com,Male,39.95.56.239
79,Kile,Piddlesden,kpiddlesden26@examiner.com,Male,208.32.61.171
80,Jo,Willimott,jwillimott27@cpanel.net,Male,51.35.111.252
81,Elvina,Williscroft,ewilliscroft28@gmpg.org,Agender,21.129.56.156
82,Munmro,Markovic,mmarkovic29@gmpg.org,Male,23.81.88.181
83,Francois,Lepick,flepick2a@yale.edu,Male,121.158.227.120
84,Brook,Cornes,bcornes2b@over-blog.com,Female,39.102.208.193
85,Ginger,Whylie,gwhylie2c@parallels.com,Female,111.217.25.196
86,Nathanil,Lincey,nlincey2d@cyberchimps.com,Male,226.145.64.37
87,Elia,Slide,eslide2e@tumblr.com,Male,55.135.148.17
88,Shaylah,Mintram,smintram2f@4shared.com,Female,147.247.56.119
89,Sandra,Theyer,stheyer2g@gov.uk,Female,21.57.222.23
90,Keary,Drohun,kdrohun2h@nationalgeographic.com,Male,20.61.209.236
91,Rhea,Caizley,rcaizley2i@digg.com,Female,149.204.227.157
92,Hortense,Scardifeild,hscardifeild2j@businesswire.com,Female,116.213.235.113
93,Yule,Grombridge,ygrombridge2k@mozilla.com,Male,197.39.118.252
94,Aldon,Bussey,abussey2l@diigo.com,Male,7.183.168.213
95,Morgana,Kembley,mkembley2m@psu.edu,Female,67.85.35.123
96,Emmery,Bentz,ebentz2n@ezinearticles.com,Male,195.204.221.170
97,Gerome,Santorini,gsantorini2o@studiopress.com,Male,16.205.43.179
98,Blondell,Godsal,bgodsal2p@github.com,Female,241.87.47.200
99,Alyosha,Leathe,aleathe2q@hud.gov,Male,47.176.245.251
100,Krystle,Kiff,kkiff2r@tinyurl.com,Polygender,244.62.216.43
101,Marget,Ardern,mardern2s@miibeian.gov.cn,Female,236.80.205.238
102,Wang,Cicchitello,wcicchitello2t@nydailynews.com,Male,3.104.56.9
103,Sinclair,Hollidge,shollidge2u@vkontakte.ru,Agender,90.6.43.183
104,Margalo,Redmire,mredmire2v@unc.edu,Female,165.140.124.139
105,Teodora,Harmer,tharmer2w@pcworld.com,Female,162.234.6.80
106,Lanita,Rosetti,lrosetti2x@weebly.com,Female,95.185.157.191
107,Barb,Mattusevich,bmattusevich2y@soundcloud.com,Female,251.186.179.34
108,Taite,Simonsen,tsimonsen2z@about.me,Male,39.137.59.230
109,Christophorus,Faithorn,cfaithorn30@twitpic.com,Bigender,138.225.117.161
110,Tanner,Wasielewicz,twasielewicz31@apple.com,Male,4.41.208.39
111,Joanna,Judron,jjudron32@flavors.me,Female,43.37.172.121
112,Lydon,Minall,lminall33@wordpress.com,Male,137.49.130.80
113,Catarina,Rundle,crundle34@naver.com,Female,225.142.249.53
114,Fabiano,Urch,furch35@phpbb.com,Male,69.25.18.156
115,Hollie,Vibert,hvibert36@mac.com,Female,201.77.91.118
116,Suzette,Angerstein,sangerstein37@wsj.com,Female,41.223.163.8
117,Torrin,Sautter,tsautter38@cbc.ca,Male,162.134.168.20
118,Chaddie,Clewett,cclewett39@wikimedia.org,Male,25.14.221.143
119,Onfroi,Crimmins,ocrimmins3a@posterous.com,Genderfluid,62.33.64.114
120,Zared,Le Pruvost,zlepruvost3b@cyberchimps.com,Male,25.5.106.106
121,Cirstoforo,Glencrosche,cglencrosche3c@ebay.com,Male,105.64.189.20
122,Laura,Dinsey,ldinsey3d@qq.com,Bigender,132.9.40.104
123,Salome,Itzakovitz,sitzakovitz3e@wikipedia.org,Female,190.193.4.136
124,Kath,Crang,kcrang3f@usda.gov,Female,161.237.106.242
125,Gates,Pascoe,gpascoe3g@usnews.com,Female,0.158.49.104
126,Carmel,Linne,clinne3h@cyberchimps.com,Female,206.94.134.39
127,Lars,O'Kinedy,lokinedy3i@microsoft.com,Male,132.154.128.110
128,Bernadene,Spensley,bspensley3j@sohu.com,Female,224.134.240.30
129,Audy,Lithgow,alithgow3k@discovery.com,Female,219.189.54.60
130,Gawen,Brocklesby,gbrocklesby3l@reuters.com,Bigender,116.80.84.147
131,Beverlie,Banville,bbanville3m@twitter.com,Female,250.172.179.129
132,Evvy,Hacker,ehacker3n@illinois.edu,Female,76.47.121.232
133,Bordie,Sogg,bsogg3o@seesaa.net,Male,31.77.187.90
134,Henka,Kerrigan,hkerrigan3p@geocities.jp,Female,87.244.85.188
135,Melany,Lynagh,mlynagh3q@networksolutions.com,Female,88.18.231.40
136,Amitie,Giovannini,agiovannini3r@comcast.net,Female,182.214.193.240
137,Sholom,Berard,sberard3s@yandex.ru,Male,244.73.201.55
138,Bertrand,Wandrach,bwandrach3t@weibo.com,Male,110.28.70.61
139,Lothario,Brewood,lbrewood3u@deliciousdays.com,Male,96.231.220.224
140,Tilly,Yetman,tyetman3v@psu.edu,Female,67.99.58.115
141,Garry,Father,gfather3w@tamu.edu,Male,32.179.56.55
142,Abigael,Burgher,aburgher3x@xrea.com,Non-binary,160.93.169.177
143,Edi,Gritten,egritten3y@mozilla.com,Polygender,217.69.44.51
144,Carlynne,Corbert,ccorbert3z@blinklist.com,Female,6.76.183.38
145,Bayard,Rentoul,brentoul40@opensource.org,Male,227.141.188.204
146,Erskine,Eilhart,eeilhart41@alexa.com,Genderqueer,90.65.99.81
147,Jeremie,Eggleston,jeggleston42@paginegialle.it,Male,50.37.172.225
148,Burl,Nealy,bnealy43@mapy.cz,Genderqueer,170.171.26.179
149,Eddy,Waters,ewaters44@telegraph.co.uk,Male,74.1.235.238
150,Brittni,Kennler,bkennler45@prweb.com,Genderfluid,201.105.169.240
151,Dwain,Beekmann,dbeekmann46@admin.ch,Male,47.31.89.205
152,Templeton,Saing,tsaing47@webeden.co.uk,Male,157.19.145.164
153,Ivor,Joris,ijoris48@wikispaces.com,Male,11.123.206.63
154,George,Hamnett,ghamnett49@webnode.com,Male,138.28.29.255
155,Dina,Garritley,dgarritley4a@ox.ac.uk,Female,15.79.150.110
156,Anita,Babst,ababst4b@gov.uk,Female,54.103.12.77
157,Rodrique,Yeskov,ryeskov4c@live.com,Male,179.153.35.202
158,Nixie,Darell,ndarell4d@imgur.com,Female,215.110.241.86
159,Salaidh,Olrenshaw,solrenshaw4e@bloglines.com,Female,77.75.156.81
160,Estrella,Fitchell,efitchell4f@buzzfeed.com,Female,220.31.67.124
161,Gabbie,Slee,gslee4g@youtube.com,Female,189.82.144.4
162,Ingelbert,Kobierski,ikobierski4h@patch.com,Male,186.46.150.100
163,Brian,Birchett,bbirchett4i@imageshack.us,Male,55.153.178.163
164,Hatty,Dannehl,hdannehl4j@guardian.co.uk,Female,122.192.203.185
165,Ramon,Sharpley,rsharpley4k@ftc.gov,Male,221.203.10.123
166,Matthieu,Sibbet,msibbet4l@unicef.org,Male,86.111.19.125
167,Nicolis,Han,nhan4m@icq.com,Male,2.145.59.247
168,Tibold,Fantin,tfantin4n@constantcontact.com,Male,183.55.183.40
169,Malachi,Thandi,mthandi4o@un.org,Non-binary,4.152.45.10
170,Shaw,Guisot,sguisot4p@bluehost.com,Male,217.37.145.186
171,Rudy,Bridgewater,rbridgewater4q@addthis.com,Male,27.198.197.145
172,Leopold,Sauvain,lsauvain4r@independent.co.uk,Male,70.86.22.133
173,Joli,Bollard,jbollard4s@reddit.com,Female,3.180.114.131
174,Rebecca,Beddo,rbeddo4t@dailymail.co.uk,Female,59.231.2.223
175,Lanny,Cowie,lcowie4u@illinois.edu,Male,225.126.135.64
176,Chaim,O'Heneghan,coheneghan4v@java.com,Male,193.193.39.2
177,Gratia,Jennick,gjennick4w@discuz.net,Agender,61.59.146.85
178,Fidelia,Tufts,ftufts4x@home.pl,Female,191.149.167.0
179,Codie,Moyser,cmoyser4y@businessinsider.com,Female,158.68.101.156
180,Mallorie,Rimington,mrimington4z@youku.com,Female,203.23.1.198
181,Lyndell,St. Hill,lsthill50@naver.com,Female,232.133.70.13
182,Arnoldo,Licciardello,alicciardello51@imdb.com,Male,81.152.14.132
183,Bartlett,Challin,bchallin52@usnews.com,Male,26.159.26.184
184,Dollie,Eppson,deppson53@epa.gov,Female,30.225.176.48
185,Haslett,Milland,hmilland54@hexun.com,Male,94.182.200.143
186,Forrest,Gauford,fgauford55@netvibes.com,Male,169.6.76.3
187,Carie,Allibon,callibon56@house.gov,Female,189.20.38.141
188,Jone,Sweetnam,jsweetnam57@live.com,Male,182.243.234.41
189,Lissa,Sarjant,lsarjant58@odnoklassniki.ru,Female,52.178.214.159
190,Wrennie,Dimmne,wdimmne59@studiopress.com,Female,93.37.138.124
191,Vale,Dalliwatr,vdalliwatr5a@wikimedia.org,Male,217.231.63.84
192,Lulita,Frenchum,lfrenchum5b@free.fr,Female,160.224.56.228
193,Wylma,Sutty,wsutty5c@surveymonkey.com,Female,242.134.203.217
194,Nigel,Gloster,ngloster5d@dailymail.co.uk,Male,74.221.210.4
195,Harrie,Crinkley,hcrinkley5e@themeforest.net,Female,119.35.183.147
196,Jerrold,Bodill,jbodill5f@opera.com,Male,53.93.243.50
197,Ada,Dobbins,adobbins5g@dyndns.org,Female,97.231.148.138
198,Karole,Burger,kburger5h@ucoz.ru,Female,1.56.193.160
199,Jamima,Moxstead,jmoxstead5i@wordpress.org,Female,144.164.25.90
200,Ethelin,Marsters,emarsters5j@mashable.com,Female,55.88.170.17
201,Rab,Kapelhoff,rkapelhoff5k@google.fr,Male,2.103.227.32
202,Aimee,Auger,aauger5l@mapquest.com,Female,100.33.14.206
203,Alica,Sulland,asulland5m@bloglovin.com,Female,185.169.151.184
204,Kelsy,Franck,kfranck5n@ted.com,Female,140.53.204.80
205,Sky,Sellstrom,ssellstrom5o@vinaora.com,Male,196.119.209.194
206,Selina,Madden,smadden5p@phpbb.com,Female,152.22.242.213
207,Gilles,Maes,gmaes5q@geocities.com,Male,240.182.193.234
208,Christophe,Leaning,cleaning5r@discuz.net,Male,25.161.95.75
209,Margalo,Pinchin,mpinchin5s@harvard.edu,Female,124.216.93.81
210,Odette,Harroway,oharroway5t@jiathis.com,Female,78.219.6.130
211,Nichols,Rackley,nrackley5u@google.nl,Male,31.65.10.35
212,Mab,Mannie,mmannie5v@addthis.com,Female,100.91.77.104
213,Jimmie,Scarbarrow,jscarbarrow5w@icq.com,Male,65.247.251.206
214,Rafaellle,Gierth,rgierth5x@amazon.de,Male,106.87.14.148
215,Agna,Kohrsen,akohrsen5y@hatena.ne.jp,Female,130.131.218.186
216,Gwen,Nicklinson,gnicklinson5z@purevolume.com,Female,231.179.242.63
217,Stefan,Marcham,smarcham60@senate.gov,Male,187.89.22.111
218,Margy,Bothe,mbothe61@cmu.edu,Polygender,143.24.116.123
219,Clem,Moyer,cmoyer62@scribd.com,Male,218.127.175.67
220,Loralyn,Dawidowsky,ldawidowsky63@latimes.com,Female,240.203.234.15
221,Tori,Chesterman,tchesterman64@csmonitor.com,Female,186.185.116.7
222,Fairlie,Aymerich,faymerich65@arizona.edu,Male,32.221.123.28
223,Al,Paszak,apaszak66@prweb.com,Male,118.94.97.136
224,Loren,Cock,lcock67@wufoo.com,Female,97.138.101.55
225,Hanan,Challener,hchallener68@cbc.ca,Male,12.94.94.39
226,Fernande,Iwanowski,fiwanowski69@ucsd.edu,Female,145.239.82.104
227,Lissi,Bugbird,lbugbird6a@yellowpages.com,Female,155.20.61.67
228,Rebecca,Gornall,rgornall6b@cocolog-nifty.com,Female,98.158.101.17
229,Maryjo,Potte,mpotte6c@goodreads.com,Female,71.103.241.46
230,Ekaterina,Rodder,erodder6d@elpais.com,Female,9.253.182.1
231,Aurora,Lamburne,alamburne6e@nature.com,Polygender,103.137.61.126
232,Almeda,Mullan,amullan6f@dagondesign.com,Female,69.40.192.49
233,Ivonne,Bawdon,ibawdon6g@shareasale.com,Female,237.10.237.49
234,Drusilla,Gilhooly,dgilhooly6h@yellowpages.com,Female,227.206.229.209
235,Haleigh,Illingsworth,hillingsworth6i@github.io,Female,197.226.225.79
236,Maxy,Nance,mnance6j@fema.gov,Polygender,96.91.138.169
237,Kelly,Tunkin,ktunkin6k@washington.edu,Female,226.79.180.239
238,Debera,Sandeland,dsandeland6l@blogtalkradio.com,Female,34.84.62.22
239,Christoforo,Abram,cabram6m@blog.com,Male,3.37.11.148
240,Rocky,Lobbe,rlobbe6n@noaa.gov,Male,88.138.165.42
241,Greggory,Wondraschek,gwondraschek6o@addtoany.com,Male,5.223.156.139
242,Madeline,Dalton,mdalton6p@live.com,Female,185.50.83.53
243,Walker,Trazzi,wtrazzi6q@cyberchimps.com,Male,52.154.227.39
244,Sella,Strettell,sstrettell6r@webeden.co.uk,Bigender,234.223.239.64
245,Norean,Olorenshaw,nolorenshaw6s@mapy.cz,Female,57.217.23.179
246,Tina,Forsaith,tforsaith6t@amazon.com,Non-binary,180.192.248.28
247,Pearla,Plaster,pplaster6u@dell.com,Female,199.23.211.106
248,Ashia,Parfitt,aparfitt6v@oakley.com,Female,66.17.241.56
249,Cassie,Simone,csimone6w@cmu.edu,Male,22.17.23.190
250,Doro,Tatham,dtatham6x@51.la,Female,212.119.165.83
251,Kordula,Duer,kduer6y@youku.com,Female,242.231.177.96
252,Skipp,Dibben,sdibben6z@google.cn,Male,140.206.169.94
253,Elyn,Ricciardelli,ericciardelli70@forbes.com,Female,16.156.169.28
254,Crystal,Wilkins,cwilkins71@blog.com,Female,71.106.133.148
255,Hurlee,Lepick,hlepick72@hostgator.com,Male,142.215.216.106
256,Daphene,Daish,ddaish73@eepurl.com,Female,102.126.190.112
257,Ruthe,Cleverley,rcleverley74@psu.edu,Female,61.154.199.223
258,Rancell,Devorill,rdevorill75@drupal.org,Male,75.213.102.178
259,Aprilette,Verrall,averrall76@google.ru,Female,23.251.115.78
260,Fey,Ricarde,fricarde77@uol.com.br,Non-binary,71.55.14.42
261,Revkah,Grenfell,rgrenfell78@wordpress.org,Female,245.16.34.72
262,Lorelle,Gockeler,lgockeler79@mozilla.org,Female,129.235.83.114
263,Valry,Bracher,vbracher7a@bluehost.com,Female,210.204.234.176
264,Payton,Janz,pjanz7b@microsoft.com,Male,29.195.155.116
265,Gerek,Dohms,gdohms7c@nba.com,Male,201.56.75.72
266,Neville,Dobbins,ndobbins7d@hao123.com,Male,248.244.207.92
267,Keelia,Pressnell,kpressnell7e@google.com.br,Female,241.50.241.139
268,Carilyn,Sebastian,csebastian7f@soup.io,Female,231.194.91.113
269,Melisa,Gillebert,mgillebert7g@hud.gov,Female,16.249.138.2
270,Doll,Kynforth,dkynforth7h@lycos.com,Female,111.89.188.29
271,Frank,Akess,fakess7i@ebay.co.uk,Male,21.205.159.60
272,Roddie,Olfert,rolfert7j@google.nl,Male,62.60.172.63
273,Ches,Belverstone,cbelverstone7k@goo.ne.jp,Male,203.83.47.220
274,Natalie,Varne,nvarne7l@howstuffworks.com,Female,226.0.12.226
275,Deane,Kenefick,dkenefick7m@msu.edu,Male,160.203.122.85
276,Riley,Guinnane,rguinnane7n@statcounter.com,Male,227.236.78.250
277,Carlin,Foxley,cfoxley7o@gmpg.org,Bigender,5.19.127.56
278,Tammara,Charles,tcharles7p@google.it,Female,77.195.203.114
279,Angel,Cuskery,acuskery7q@netscape.com,Female,58.180.178.20
280,Theresina,Courtonne,tcourtonne7r@narod.ru,Female,229.18.114.184
281,Allard,McCarver,amccarver7s@hubpages.com,Male,158.139.42.220
282,Win,Sindall,wsindall7t@exblog.jp,Male,28.27.130.67
283,Alexandra,Lockie,alockie7u@fastcompany.com,Female,184.26.116.217
284,Hewitt,Lapwood,hlapwood7v@wordpress.com,Male,247.71.79.7
285,Ives,Coultish,icoultish7w@imdb.com,Male,101.237.60.183
286,Alison,Aleksandrikin,aaleksandrikin7x@smh.com.au,Polygender,223.49.120.12
287,Bernardo,Mingauld,bmingauld7y@springer.com,Agender,122.102.192.91
288,Virgilio,Knibbs,vknibbs7z@hostgator.com,Male,167.98.112.114
289,Erek,Everil,eeveril80@fastcompany.com,Male,78.180.55.177
290,Elwood,Regelous,eregelous81@blogtalkradio.com,Male,1.152.214.55
291,Fin,Earingey,fearingey82@dailymail.co.uk,Male,132.243.233.253
292,Jermain,Yesichev,jyesichev83@nasa.gov,Male,207.186.87.0
293,Hinda,Ringsell,hringsell84@cloudflare.com,Female,3.191.77.135
294,Cleopatra,Hayball,chayball85@sun.com,Bigender,78.22.202.248
295,Paula,Burras,pburras86@oakley.com,Female,64.230.60.245
296,Fremont,Jobern,fjobern87@bizjournals.com,Male,89.24.150.10
297,Karole,Irnys,kirnys88@sitemeter.com,Bigender,207.37.249.190
298,Burk,Fery,bfery89@e-recht24.de,Bigender,24.28.141.254
299,Laird,Wharlton,lwharlton8a@sciencedirect.com,Male,23.198.230.229
300,Uriah,Ert,uert8b@so-net.ne.jp,Male,9.233.114.210
301,Shelden,Brownsall,sbrownsall8c@people.com.cn,Male,123.107.39.123
302,Huey,Gyorffy,hgyorffy8d@independent.co.uk,Male,235.202.163.117
303,Millard,Kapelhof,mkapelhof8e@slideshare.net,Male,152.69.5.191
304,Standford,Clapton,sclapton8f@narod.ru,Male,134.174.224.202
305,Tonya,Shelper,tshelper8g@columbia.edu,Female,131.26.15.6
306,Sawyer,Jaray,sjaray8h@amazon.co.jp,Male,42.42.215.59
307,Arlana,Hadcroft,ahadcroft8i@tmall.com,Female,169.169.94.78
308,Alejandra,Duggen,aduggen8j@prlog.org,Female,24.79.209.159
309,Fran,Mollin,fmollin8k@flickr.com,Female,177.244.86.17
310,Niko,Wipper,nwipper8l@microsoft.com,Male,207.131.113.191
311,Milka,Wildash,mwildash8m@dot.gov,Female,49.222.97.117
312,Ian,Everington,ieverington8n@webeden.co.uk,Male,204.7.200.150
313,Domeniga,Van Arsdale,dvanarsdale8o@clickbank.net,Female,138.197.250.60
314,Charis,Sprowson,csprowson8p@technorati.com,Female,247.106.221.196
315,Bernette,Townrow,btownrow8q@qq.com,Female,201.5.254.170
316,Gibb,Antonescu,gantonescu8r@trellian.com,Male,175.7.224.152
317,Dillie,Scourge,dscourge8s@cbsnews.com,Polygender,131.221.178.245
318,Belle,Handrek,bhandrek8t@mapquest.com,Female,60.123.227.253
319,Jemmie,Castagnet,jcastagnet8u@reverbnation.com,Female,6.223.93.241
320,Danita,Pogue,dpogue8v@eventbrite.com,Female,41.218.115.52
321,Rafe,O'Neary,roneary8w@clickbank.net,Male,123.11.15.36
322,Shamus,Dimitriev,sdimitriev8x@vimeo.com,Male,3.15.82.199
323,Tris,Passler,tpassler8y@google.fr,Agender,121.61.59.35
324,Germain,Kitcherside,gkitcherside8z@google.co.uk,Male,11.71.10.165
325,Cass,Salkeld,csalkeld90@blogtalkradio.com,Non-binary,87.125.246.164
326,Hanna,Coyett,hcoyett91@java.com,Genderfluid,141.27.122.47
327,Shea,Bugge,sbugge92@unblog.fr,Male,197.140.124.184
328,Rusty,Brawson,rbrawson93@unesco.org,Male,254.48.250.18
329,Brier,Neylan,bneylan94@cmu.edu,Female,161.90.247.163
330,Hailee,Pendrigh,hpendrigh95@themeforest.net,Female,177.2.223.13
331,Dalila,Kivlehan,dkivlehan96@slashdot.org,Genderfluid,49.32.249.23
332,Gran,Emberson,gemberson97@elpais.com,Male,178.138.151.112
333,Natasha,Rois,nrois98@skype.com,Female,33.0.5.91
334,Daisey,Toulson,dtoulson99@yolasite.com,Female,139.97.255.24
335,Dukie,Dunridge,ddunridge9a@amazon.de,Male,240.142.112.133
336,Reggie,Chard,rchard9b@reference.com,Female,232.239.121.182
337,Perceval,Yglesia,pyglesia9c@netvibes.com,Male,83.218.98.75
338,Olive,Redfearn,oredfearn9d@tiny.cc,Female,83.213.107.245
339,Roarke,Malins,rmalins9e@wired.com,Male,237.47.250.195
340,Laureen,Sweeting,lsweeting9f@shutterfly.com,Female,168.98.186.238
341,Jarid,Lisle,jlisle9g@ucoz.ru,Male,54.59.99.67
342,Humphrey,Murty,hmurty9h@opera.com,Male,87.42.251.79
343,Welby,Barr,wbarr9i@home.pl,Male,138.172.47.142
344,Lizzie,Wilman,lwilman9j@cam.ac.uk,Female,137.105.68.50
345,Deeanne,Poulston,dpoulston9k@hao123.com,Female,100.71.212.54
346,Alvina,Meadmore,ameadmore9l@issuu.com,Agender,231.133.229.177
347,Dominic,Martinovic,dmartinovic9m@php.net,Male,65.148.211.123
348,Kathrine,McIsaac,kmcisaac9n@elpais.com,Female,245.112.205.191
349,Stacy,Ulster,sulster9o@adobe.com,Female,243.133.113.153
350,Elaina,Sauvain,esauvain9p@webnode.com,Female,168.208.137.6
351,Fons,Dixcee,fdixcee9q@hp.com,Male,71.51.7.66
352,Ado,Angrick,aangrick9r@utexas.edu,Male,59.199.249.251
353,Chaim,Heine,cheine9s@cam.ac.uk,Male,181.62.216.195
354,Daniella,Syrie,dsyrie9t@senate.gov,Female,86.42.60.0
355,Nataniel,Showen,nshowen9u@jimdo.com,Male,147.216.245.77
356,Dulcine,Shergill,dshergill9v@hugedomains.com,Female,248.214.57.11
357,Bidget,Hysom,bhysom9w@about.com,Female,106.190.8.55
358,Etta,Mularkey,emularkey9x@adobe.com,Female,89.129.1.32
359,Constantia,Dufour,cdufour9y@nba.com,Female,17.44.40.142
360,Hildagarde,Kerton,hkerton9z@last.fm,Female,244.32.187.51
361,Frankie,MacGowing,fmacgowinga0@yellowbook.com,Female,243.55.153.105
362,Dosi,Farry,dfarrya1@forbes.com,Female,97.109.203.178
363,Rudy,Clougher,rcloughera2@dyndns.org,Male,57.208.125.125
364,Davida,Bealton,dbealtona3@mayoclinic.com,Female,178.221.169.7
365,Mitchael,Conley,mconleya4@go.com,Male,208.143.135.118
366,Robinett,Lande,rlandea5@artisteer.com,Female,189.22.23.77
367,Spense,McKain,smckaina6@imdb.com,Male,19.203.230.27
368,Grethel,Stump,gstumpa7@home.pl,Bigender,59.147.27.26
369,Ralph,Scarisbrick,rscarisbricka8@nhs.uk,Male,166.43.233.206
370,Christiane,Tatlock,ctatlocka9@microsoft.com,Female,30.169.129.6
371,Renato,Rowsell,rrowsellaa@creativecommons.org,Male,29.55.37.200
372,Iggie,Boraston,iborastonab@unblog.fr,Male,240.20.25.82
373,Averill,Stoppard,astoppardac@spotify.com,Male,4.186.63.248
374,Nickie,Vannah,nvannahad@printfriendly.com,Agender,129.85.214.68
375,Vidovic,Davall,vdavallae@vimeo.com,Male,72.181.19.201
376,Sheeree,Ponsford,sponsfordaf@networkadvertising.org,Female,159.243.141.174
377,Modesta,Hubner,mhubnerag@shinystat.com,Female,83.161.11.133
378,Dion,Boulsher,dboulsherah@va.gov,Male,136.91.142.15
379,Kaine,Carslaw,kcarslawai@shareasale.com,Male,80.191.102.150
380,Nancy,Paolotto,npaolottoaj@blog.com,Agender,148.52.107.154
381,Germain,Febvre,gfebvreak@myspace.com,Male,24.72.222.142
382,Marlowe,Nurcombe,mnurcombeal@hud.gov,Male,91.48.7.24
383,Jamima,McGonagle,jmcgonagleam@reuters.com,Female,171.140.188.6
384,Antony,Schoroder,aschoroderan@dailymail.co.uk,Male,156.250.7.104
385,Blondy,Tubby,btubbyao@scientificamerican.com,Female,92.57.4.83
386,Nada,Pottie,npottieap@hao123.com,Female,63.168.128.186
387,Kort,Paffett,kpaffettaq@51.la,Male,12.226.83.82
388,Dixie,Owthwaite,dowthwaitear@youtu.be,Female,87.208.239.103
389,Sylvan,Saye,ssayeas@huffingtonpost.com,Male,21.232.2.164
390,Stacy,Bullier,sbullierat@booking.com,Male,152.57.137.84
391,Baryram,Corton,bcortonau@hibu.com,Male,119.187.153.10
392,Didi,Rugge,druggeav@nymag.com,Non-binary,129.227.171.30
393,Connie,Worner,cworneraw@nationalgeographic.com,Female,255.30.8.35
394,Nikolaos,Gifford,ngiffordax@discovery.com,Polygender,161.13.130.146
395,Alethea,Hibling,ahiblingay@t.co,Female,61.26.140.176
396,Solly,Mullinder,smullinderaz@parallels.com,Male,25.201.149.2
397,Nicolais,McLukie,nmclukieb0@feedburner.com,Male,201.129.202.26
398,Ardelis,Fadian,afadianb1@spotify.com,Female,242.6.160.73
399,Muire,Wontner,mwontnerb2@about.com,Female,203.138.142.158
400,Dara,Stathers,dstathersb3@wisc.edu,Female,24.57.81.248
401,Radcliffe,Matterson,rmattersonb4@newsvine.com,Male,189.206.46.102
402,Adaline,Tonn,atonnb5@hatena.ne.jp,Female,87.146.202.53
403,Filberto,Kitteridge,fkitteridgeb6@wix.com,Male,38.59.95.42
404,Fidelio,Fancott,ffancottb7@infoseek.co.jp,Male,248.238.222.162
405,Lonnie,Creegan,lcreeganb8@mac.com,Male,1.68.57.188
406,Elwyn,Ellwand,eellwandb9@ft.com,Male,56.83.67.102
407,Brock,Dover,bdoverba@ca.gov,Male,199.118.68.68
408,Hussein,Mortell,hmortellbb@g.co,Male,103.65.154.200
409,Deedee,Hulke,dhulkebc@blogspot.com,Female,117.199.11.237
410,Diane,Witcher,dwitcherbd@youtube.com,Female,129.164.100.201
411,Agneta,Pingstone,apingstonebe@cbsnews.com,Female,56.95.74.150
412,Wolfy,Conquest,wconquestbf@reverbnation.com,Non-binary,204.24.113.196
413,Tobe,Fewless,tfewlessbg@wiley.com,Male,98.138.11.42
414,Merridie,Wiltsher,mwiltsherbh@independent.co.uk,Bigender,10.72.69.182
415,Dominique,L'Episcopio,dlepiscopiobi@intel.com,Female,1.141.148.38
416,Talyah,Sola,tsolabj@ebay.co.uk,Female,85.51.179.117
417,Arly,Sentinella,asentinellabk@intel.com,Female,50.68.48.216
418,Norbie,Laight,nlaightbl@w3.org,Male,26.167.103.205
419,Eveleen,Pinniger,epinnigerbm@drupal.org,Female,174.255.127.42
420,Moyna,Bellson,mbellsonbn@usatoday.com,Female,87.46.222.13
421,Dannel,Bickley,dbickleybo@naver.com,Polygender,44.241.186.45
422,Megen,Asquez,masquezbp@google.com.hk,Female,5.29.8.114
423,Henderson,Tinghill,htinghillbq@sakura.ne.jp,Male,80.7.17.144
424,Kirstin,Dulin,kdulinbr@people.com.cn,Female,229.242.190.98
425,Bradney,Bartolini,bbartolinibs@netvibes.com,Male,252.213.192.25
426,Odo,Dainter,odainterbt@fc2.com,Male,230.138.92.86
427,Arlyn,Terren,aterrenbu@mediafire.com,Female,210.158.208.21
428,Tim,Robberecht,trobberechtbv@ifeng.com,Non-binary,47.88.217.159
429,Elsworth,Izard,eizardbw@constantcontact.com,Genderfluid,143.253.154.107
430,Ivory,Blasdale,iblasdalebx@cnn.com,Female,85.132.220.252
431,Kelsey,Ramsdell,kramsdellby@comsenz.com,Agender,201.60.167.152
432,Anderson,Marr,amarrbz@auda.org.au,Male,62.209.113.117
433,Fonsie,Gladebeck,fgladebeckc0@java.com,Male,5.61.223.83
434,Edward,Hurdiss,ehurdissc1@issuu.com,Male,109.159.151.29
435,Coleman,Iacovone,ciacovonec2@blogs.com,Male,78.143.5.61
436,Marla,Bucknill,mbucknillc3@infoseek.co.jp,Female,29.74.101.153
437,Whitby,Zorzutti,wzorzuttic4@bluehost.com,Genderqueer,118.226.198.25
438,Duke,Monteith,dmonteithc5@soundcloud.com,Male,203.155.254.165
439,Pepita,Frackiewicz,pfrackiewiczc6@trellian.com,Female,252.171.66.75
440,Claretta,Dowe,cdowec7@nhs.uk,Female,43.172.48.74
441,Livvie,Drieu,ldrieuc8@si.edu,Genderfluid,61.161.97.11
442,Charline,Caldwell,ccaldwellc9@wufoo.com,Female,150.110.29.118
443,Brandy,Lathey,blatheyca@goo.gl,Non-binary,162.54.135.69
444,Odell,Upstone,oupstonecb@state.gov,Male,242.221.21.8
445,Bay,Duffrie,bduffriecc@ucoz.ru,Male,168.13.51.58
446,Vaclav,Lafontaine,vlafontainecd@phoca.cz,Male,74.238.65.75
447,Dedra,Keirle,dkeirlece@opensource.org,Female,40.188.219.49
448,Tod,Couvet,tcouvetcf@ycombinator.com,Male,72.114.94.19
449,Uri,McComiskey,umccomiskeycg@reddit.com,Male,60.228.168.246
450,Seana,Poacher,spoacherch@hud.gov,Female,138.121.241.209
451,Wood,Wooland,wwoolandci@furl.net,Male,113.6.84.62
452,Roddie,Lilburn,rlilburncj@forbes.com,Genderfluid,165.239.236.186
453,Kennith,Ropp,kroppck@kickstarter.com,Genderqueer,107.62.165.59
454,Leonore,Antonioni,lantonionicl@flavors.me,Female,101.222.68.217
455,Westleigh,Litel,wlitelcm@sun.com,Male,27.26.131.184
456,Paton,Aizlewood,paizlewoodcn@spotify.com,Male,56.69.176.67
457,Trumaine,Jentet,tjentetco@discovery.com,Male,171.149.168.246
458,Carl,Henfre,chenfrecp@paginegialle.it,Male,20.11.216.174
459,Florie,McOnie,fmconiecq@imageshack.us,Female,96.245.102.130
460,Daffie,Pullinger,dpullingercr@blogtalkradio.com,Female,105.12.191.16
461,Gabriele,Jochens,gjochenscs@wikia.com,Bigender,236.60.35.162
462,Zeke,Camplin,zcamplinct@bandcamp.com,Male,27.122.56.41
463,Ive,Synnot,isynnotcu@icio.us,Male,143.22.14.110
464,Rubina,Grave,rgravecv@google.co.uk,Female,235.132.244.253
465,Libbi,Kembry,lkembrycw@opera.com,Female,246.148.86.116
466,Welbie,Coats,wcoatscx@ox.ac.uk,Male,27.52.5.110
467,Noni,Dowley,ndowleycy@nhs.uk,Female,205.20.172.96
468,Rowney,Gollin,rgollincz@people.com.cn,Male,26.35.107.30
469,Valencia,Keyme,vkeymed0@usatoday.com,Female,7.247.40.40
470,Corie,Galpen,cgalpend1@amazon.de,Female,248.110.208.118
471,Vite,Swallow,vswallowd2@hhs.gov,Male,97.90.105.131
472,Alexina,Gorcke,agorcked3@dyndns.org,Female,131.211.55.252
473,Cristy,Krochmann,ckrochmannd4@rakuten.co.jp,Bigender,0.179.1.246
474,Berkley,McBeth,bmcbethd5@smugmug.com,Genderfluid,71.208.87.48
475,Nate,Toffalo,ntoffalod6@ezinearticles.com,Male,57.53.103.185
476,Obed,Glossop,oglossopd7@walmart.com,Male,137.103.130.223
477,Victor,Brandli,vbrandlid8@goodreads.com,Male,106.148.102.210
478,Sayre,Peace,speaced9@qq.com,Agender,236.118.186.69
479,Charla,Siuda,csiudada@senate.gov,Female,66.51.84.138
480,Leonora,Barfitt,lbarfittdb@globo.com,Female,128.33.71.8
481,Rafaellle,Crackel,rcrackeldc@yahoo.com,Male,197.215.22.126
482,Brit,Dunbavin,bdunbavindd@wordpress.com,Female,128.191.210.3
483,Thekla,Sproule,tsproulede@rakuten.co.jp,Female,217.138.170.53
484,Britt,Whittet,bwhittetdf@1und1.de,Male,136.201.7.50
485,Torie,Gasking,tgaskingdg@hibu.com,Female,78.74.102.43
486,Afton,Blackmoor,ablackmoordh@blogger.com,Female,166.70.4.98
487,Walt,Steel,wsteeldi@dedecms.com,Male,102.6.226.34
488,Bambi,Daughton,bdaughtondj@boston.com,Female,230.206.180.248
489,Albertina,O'Brogane,aobroganedk@sbwire.com,Female,18.50.73.102
490,Jefferson,Paul,jpauldl@barnesandnoble.com,Male,188.192.89.108
491,Monica,Lowndsbrough,mlowndsbroughdm@epa.gov,Polygender,231.20.36.159
492,Florence,Bedborough,fbedboroughdn@arstechnica.com,Female,107.191.233.104
493,Hy,Danslow,hdanslowdo@deliciousdays.com,Male,54.63.95.153
494,Carmelle,Casserly,ccasserlydp@wufoo.com,Female,227.184.137.206
495,Luke,Shynn,lshynndq@clickbank.net,Male,28.21.114.143
496,Hyacinthe,Elcoate,helcoatedr@simplemachines.org,Female,224.175.21.121
497,Berny,Summerley,bsummerleyds@icq.com,Male,110.130.177.150
498,Nichol,Nickoll,nnickolldt@wufoo.com,Female,168.186.144.213
499,Brenden,Macoun,bmacoundu@dell.com,Male,136.59.74.54
500,Fawnia,Files,ffilesdv@indiatimes.com,Female,63.24.79.116
501,Caprice,Ingree,cingreedw@independent.co.uk,Female,10.142.1.20
502,Cthrine,Aronoff,caronoffdx@independent.co.uk,Female,163.93.183.158
503,Carri,Loveredge,cloveredgedy@upenn.edu,Female,65.113.135.30
504,Kalinda,Bearblock,kbearblockdz@reuters.com,Female,66.7.197.23
505,Vale,Galbraith,vgalbraithe0@liveinternet.ru,Bigender,64.141.10.134
506,Jillian,Waymont,jwaymonte1@rediff.com,Genderqueer,184.148.197.94
507,Karlie,Alster,kalstere2@cargocollective.com,Female,59.159.64.223
508,Nona,Rubie,nrubiee3@google.pl,Non-binary,208.108.3.250
509,Carlita,Akroyd,cakroyde4@topsy.com,Non-binary,19.55.195.89
510,Nathaniel,Krolak,nkrolake5@springer.com,Male,172.113.137.65
511,Alistair,Plaster,aplastere6@zimbio.com,Male,48.27.238.139
512,Elka,Lilford,elilforde7@redcross.org,Female,92.185.162.149
513,Derrik,Winterton,dwintertone8@wix.com,Male,107.226.50.175
514,Jareb,Greenleaf,jgreenleafe9@answers.com,Male,198.0.28.234
515,Briano,Jakes,bjakesea@yahoo.com,Agender,110.166.164.99
516,Casar,Arnall,carnalleb@mapy.cz,Male,247.30.13.25
517,Benjie,Pedley,bpedleyec@slashdot.org,Male,14.5.226.41
518,Martainn,Mayoh,mmayohed@reverbnation.com,Genderfluid,135.120.63.179
519,Stacey,Onyon,sonyonee@e-recht24.de,Female,31.109.76.83
520,Davidson,Vela,dvelaef@patch.com,Male,26.33.220.202
521,Ambrosius,Woodsford,awoodsfordeg@de.vu,Male,250.188.9.226
522,Townie,Robertson,trobertsoneh@amazon.co.uk,Male,15.228.250.193
523,Chase,Ranahan,cranahanei@samsung.com,Male,172.235.104.96
524,Bail,Dicey,bdiceyej@liveinternet.ru,Male,199.52.220.198
525,Wilie,Wonfar,wwonfarek@cisco.com,Female,21.44.28.174
526,Griselda,Pressland,gpresslandel@surveymonkey.com,Female,172.241.95.24
527,Monah,Cotesford,mcotesfordem@un.org,Female,42.21.144.220
528,Gaylor,Busby,gbusbyen@icio.us,Male,95.175.173.254
529,Felizio,Jansik,fjansikeo@360.cn,Male,111.62.219.216
530,Tasia,Marples,tmarplesep@foxnews.com,Female,19.236.83.29
531,Fowler,Baty,fbatyeq@arstechnica.com,Male,68.61.108.190
532,Griff,Wheelhouse,gwheelhouseer@yale.edu,Male,200.203.106.109
533,Standford,Ishchenko,sishchenkoes@archive.org,Male,121.38.116.140
534,Randolph,Staden,rstadenet@theglobeandmail.com,Male,10.239.87.110
535,Annaliese,Harbach,aharbacheu@canalblog.com,Female,245.79.49.73
536,Neale,Neiland,nneilandev@ihg.com,Male,66.145.151.242
537,Katharina,Pointing,kpointingew@google.fr,Female,26.225.66.16
538,Talyah,Rodders,troddersex@illinois.edu,Female,122.154.88.84
539,Brianna,Muggeridge,bmuggeridgeey@sina.com.cn,Female,248.237.172.17
540,Akim,Skates,askatesez@miitbeian.gov.cn,Male,33.139.182.241
541,Werner,Barczynski,wbarczynskif0@skype.com,Non-binary,137.67.158.131
542,Hamilton,Domegan,hdomeganf1@typepad.com,Male,170.134.109.92
543,Sarah,Hillborne,shillbornef2@weebly.com,Polygender,162.243.53.177
544,Nadine,Wiltshear,nwiltshearf3@mapquest.com,Female,12.161.237.109
545,Roddy,Arkil,rarkilf4@ucsd.edu,Male,182.153.86.72
546,Morse,Jerromes,mjerromesf5@army.mil,Male,98.164.37.213
547,Jeremy,Edwins,jedwinsf6@tinypic.com,Male,219.109.225.175
548,Inna,McWard,imcwardf7@va.gov,Polygender,50.168.201.255
549,Lia,De Lacey,ldelaceyf8@issuu.com,Female,171.104.194.249
550,Reyna,Garden,rgardenf9@squarespace.com,Female,147.127.128.90
551,Joy,Seydlitz,jseydlitzfa@vkontakte.ru,Female,18.102.152.117
552,Val,Keld,vkeldfb@google.fr,Male,248.5.47.158
553,Ronnie,Bosquet,rbosquetfc@nba.com,Male,169.125.112.190
554,Linoel,Rawsthorne,lrawsthornefd@tinypic.com,Male,121.234.126.163
555,Katrinka,MacGillreich,kmacgillreichfe@yale.edu,Female,64.93.3.4
556,Donny,Heckner,dhecknerff@tinypic.com,Male,188.250.6.72
557,Brice,Molines,bmolinesfg@opensource.org,Agender,224.15.82.234
558,Jesse,Biddwell,jbiddwellfh@google.com,Male,235.21.20.139
559,Konstantine,Dundredge,kdundredgefi@example.com,Male,7.38.186.106
560,Windham,Clinch,wclinchfj@usda.gov,Male,127.245.219.24
561,Florance,Gutch,fgutchfk@cloudflare.com,Female,158.184.172.16
562,Carroll,Seman,csemanfl@icq.com,Male,190.51.135.207
563,Jackqueline,Yegorev,jyegorevfm@sohu.com,Female,71.24.190.58
564,Rickey,Thumnel,rthumnelfn@slideshare.net,Male,156.196.100.217
565,Kellsie,Ficken,kfickenfo@acquirethisname.com,Female,189.96.124.214
566,Camile,Joul,cjoulfp@census.gov,Female,145.97.10.13
567,Jessalin,Colleton,jcolletonfq@shinystat.com,Female,78.58.141.33
568,Ingeberg,Shawel,ishawelfr@independent.co.uk,Female,155.105.212.164
569,Jarred,Reschke,jreschkefs@tiny.cc,Male,70.194.0.183
570,Jeremie,Fitchen,jfitchenft@yahoo.com,Male,174.8.189.34
571,Gerrard,Sinnie,gsinniefu@businessweek.com,Male,210.249.254.109
572,Tiffi,Richley,trichleyfv@amazon.de,Female,42.37.128.180
573,Betta,Brobyn,bbrobynfw@surveymonkey.com,Female,120.155.228.10
574,Shane,Kittley,skittleyfx@sciencedirect.com,Male,205.242.161.232
575,Inna,Vannini,ivanninify@alexa.com,Female,221.183.13.53
576,Roscoe,Bream,rbreamfz@ihg.com,Male,122.172.209.255
577,Caril,Kleinstern,ckleinsterng0@diigo.com,Female,1.67.250.121
578,Lula,Longo,llongog1@loc.gov,Female,91.47.40.27
579,Gaspard,Pennuzzi,gpennuzzig2@narod.ru,Male,7.9.113.195
580,Milo,Eslie,meslieg3@edublogs.org,Male,23.149.92.146
581,Merilyn,Rabl,mrablg4@google.com.br,Polygender,237.35.103.86
582,Deeann,Brunelli,dbrunellig5@tripod.com,Female,70.218.205.48
583,Ulberto,Sapson,usapsong6@mozilla.org,Male,102.8.156.137
584,Pamella,Roskams,proskamsg7@instagram.com,Female,188.109.93.182
585,Peyton,Roddick,proddickg8@yolasite.com,Male,31.226.147.64
586,Reube,Tassell,rtassellg9@techcrunch.com,Male,203.231.218.221
587,Erica,Pirot,epirotga@census.gov,Female,50.121.5.170
588,Adelaida,Maplethorp,amaplethorpgb@google.ca,Female,227.242.183.136
589,Gabie,Postlewhite,gpostlewhitegc@xrea.com,Male,208.214.141.38
590,Caldwell,Flawn,cflawngd@answers.com,Male,169.165.167.140
591,Nicoli,Harcourt,nharcourtge@huffingtonpost.com,Female,150.240.145.236
592,Nolly,Blacklawe,nblacklawegf@fotki.com,Male,137.226.96.131
593,Ab,Samsworth,asamsworthgg@vistaprint.com,Male,96.65.215.71
594,Malanie,Seater,mseatergh@tinypic.com,Female,222.16.17.174
595,Damita,Janew,djanewgi@wired.com,Female,28.0.254.127
596,Babette,MacPhail,bmacphailgj@hud.gov,Female,21.199.44.212
597,Dall,Gori,dgorigk@gmpg.org,Male,219.87.126.160
598,Imogene,Adamo,iadamogl@ow.ly,Female,173.169.123.166
599,Ahmad,Schubert,aschubertgm@t-online.de,Male,227.156.158.116
600,Lynnett,Braunle,lbraunlegn@epa.gov,Female,199.218.210.182
601,Rhoda,Tapscott,rtapscottgo@cocolog-nifty.com,Female,129.243.240.98
602,Ara,Headrick,aheadrickgp@purevolume.com,Male,67.67.89.225
603,Wynn,Hutchens,whutchensgq@1und1.de,Male,44.194.232.87
604,Rey,Bernette,rbernettegr@netlog.com,Male,81.153.55.206
605,Dniren,Greson,dgresongs@so-net.ne.jp,Female,160.110.141.68
606,Shanon,Wrigley,swrigleygt@linkedin.com,Female,94.218.25.128
607,Deidre,Purple,dpurplegu@yellowbook.com,Bigender,138.169.147.36
608,Leeland,Swinnerton,lswinnertongv@zdnet.com,Male,157.220.94.134
609,Allie,Folshom,afolshomgw@techcrunch.com,Male,159.0.103.250
610,Edan,Greenstead,egreensteadgx@sourceforge.net,Male,166.223.32.59
611,Gabi,Burras,gburrasgy@trellian.com,Female,109.120.1.9
612,Derek,Pendlington,dpendlingtongz@biblegateway.com,Male,154.244.250.35
613,Brice,Aingel,baingelh0@hatena.ne.jp,Male,201.144.137.153
614,Bel,Hughs,bhughsh1@google.it,Female,114.89.255.240
615,Ebeneser,Rasor,erasorh2@who.int,Male,105.77.54.191
616,Wiley,MacMechan,wmacmechanh3@cnet.com,Male,193.199.84.40
617,Killy,Rey,kreyh4@msn.com,Male,32.20.53.179
618,Tim,Morford,tmorfordh5@theglobeandmail.com,Female,187.80.225.33
619,Helge,Granger,hgrangerh6@live.com,Female,92.196.88.190
620,Moss,Tattershall,mtattershallh7@flavors.me,Male,43.120.117.56
621,Javier,Richardon,jrichardonh8@va.gov,Male,135.78.209.163
622,Devonne,Alliban,dallibanh9@msu.edu,Female,153.34.124.21
623,Cleve,Goodlud,cgoodludha@wsj.com,Male,21.215.197.5
624,Valenka,Nutt,vnutthb@hud.gov,Female,113.144.226.215
625,Linet,Selesnick,lselesnickhc@china.com.cn,Female,198.48.69.74
626,Jarvis,Bitten,jbittenhd@mediafire.com,Male,74.159.203.253
627,Stillman,Markova,smarkovahe@kickstarter.com,Male,80.219.104.152
628,Justina,Falconer,jfalconerhf@theglobeandmail.com,Female,104.39.181.116
629,Eben,Mayho,emayhohg@tinyurl.com,Male,218.140.124.115
630,Darryl,Aimson,daimsonhh@1und1.de,Male,13.222.143.43
631,Nat,Rugge,nruggehi@reuters.com,Female,110.37.63.141
632,Corey,Papis,cpapishj@mayoclinic.com,Male,191.249.213.165
633,Amos,Toffolo,atoffolohk@multiply.com,Male,223.5.115.29
634,Bonnie,Doudny,bdoudnyhl@earthlink.net,Female,91.109.170.209
635,Charlotta,Bootes,cbooteshm@craigslist.org,Female,59.223.212.198
636,Darryl,Schott,dschotthn@clickbank.net,Male,95.87.174.81
637,Jan,Bertot,jbertotho@devhub.com,Male,150.111.66.190
638,Boycie,Bly,bblyhp@digg.com,Male,16.153.143.183
639,Debbi,Doldon,ddoldonhq@booking.com,Female,242.187.196.242
640,Aubrette,Widger,awidgerhr@upenn.edu,Female,55.53.79.222
641,Mahmud,Myderscough,mmyderscoughhs@soup.io,Male,85.31.139.213
642,Johny,Gathwaite,jgathwaiteht@bigcartel.com,Male,198.97.244.146
643,Sarah,A'Barrow,sabarrowhu@vistaprint.com,Female,5.193.67.131
644,Jsandye,Southerns,jsouthernshv@amazon.co.jp,Female,76.52.22.113
645,Murvyn,Abreheart,mabrehearthw@naver.com,Male,108.198.158.37
646,Natassia,Addicote,naddicotehx@businessweek.com,Genderqueer,91.177.39.114
647,Averyl,Betke,abetkehy@pbs.org,Female,57.27.11.18
648,Shaine,Fydo,sfydohz@bbb.org,Male,199.21.36.137
649,Dillon,Vials,dvialsi0@comsenz.com,Male,14.140.180.164
650,Harlene,MacAndreis,hmacandreisi1@vimeo.com,Female,253.168.181.5
651,Bel,Beatty,bbeattyi2@tamu.edu,Female,196.28.89.146
652,Mahmud,Dach,mdachi3@seesaa.net,Male,5.20.27.195
653,Erick,Furlonge,efurlongei4@pen.io,Male,137.40.213.85
654,Cristiano,Harbar,charbari5@devhub.com,Genderfluid,9.72.45.223
655,Deloris,Mettetal,dmettetali6@altervista.org,Female,44.8.202.30
656,Pablo,Muzzollo,pmuzzolloi7@mapquest.com,Male,181.28.66.4
657,Ruthy,Tomas,rtomasi8@howstuffworks.com,Female,224.241.181.59
658,Colly,Langrick,clangricki9@deviantart.com,Female,111.137.185.91
659,Mateo,Mendel,mmendelia@arizona.edu,Male,255.236.179.109
660,Linnell,Bragg,lbraggib@ucsd.edu,Female,176.31.215.27
661,Anders,Brough,abroughic@unc.edu,Male,117.115.239.223
662,Nathanael,Kilshaw,nkilshawid@miibeian.gov.cn,Male,38.89.249.97
663,Petronella,Cullivan,pcullivanie@hexun.com,Female,242.241.39.41
664,Kiel,Smallshaw,ksmallshawif@altervista.org,Male,171.122.54.237
665,Paula,Fortune,pfortuneig@shareasale.com,Female,125.30.54.190
666,Wolfie,Lunn,wlunnih@blog.com,Non-binary,97.191.247.119
667,Joan,Jurczak,jjurczakii@ucla.edu,Female,193.117.82.77
668,Lyle,Hadgkiss,lhadgkissij@census.gov,Male,110.200.40.239
669,Dorita,M'Barron,dmbarronik@ox.ac.uk,Female,179.249.2.17
670,Shamus,Blaxall,sblaxallil@prlog.org,Male,57.253.115.98
671,Hyacinthia,Strutz,hstrutzim@csmonitor.com,Female,194.88.45.53
672,Parnell,Widdup,pwiddupin@multiply.com,Male,34.204.107.160
673,Johnathan,Mellmoth,jmellmothio@europa.eu,Male,144.183.255.124
674,Brendin,Edison,bedisonip@amazon.com,Male,189.177.222.70
675,Nilson,Thunnercliff,nthunnercliffiq@toplist.cz,Male,245.170.253.187
676,Merola,Scrogges,mscroggesir@eepurl.com,Female,98.28.176.103
677,Amberly,Norley,anorleyis@seattletimes.com,Female,85.17.180.133
678,Sanders,Vedikhov,svedikhovit@tripadvisor.com,Male,10.82.239.151
679,Bertrand,Jouannin,bjouanniniu@webeden.co.uk,Male,208.177.143.87
680,Ted,Challinor,tchallinoriv@comsenz.com,Male,81.134.225.180
681,Laurena,Beetham,lbeethamiw@princeton.edu,Female,56.188.226.247
682,Alexandros,Hendron,ahendronix@toplist.cz,Polygender,36.58.208.66
683,Reuven,D'Emanuele,rdemanueleiy@shop-pro.jp,Male,6.237.186.115
684,Selby,Poulter,spoulteriz@deviantart.com,Male,108.244.28.172
685,Norby,Grinham,ngrinhamj0@imgur.com,Male,114.249.161.230
686,Chloe,Lambirth,clambirthj1@ehow.com,Female,148.243.84.9
687,Sebastiano,Northwood,snorthwoodj2@prweb.com,Male,166.30.158.112
688,Ezmeralda,Thring,ethringj3@devhub.com,Female,193.89.104.47
689,Estell,Lynthal,elynthalj4@elpais.com,Female,222.66.255.247
690,Tull,Barlas,tbarlasj5@discuz.net,Male,136.146.82.193
691,Pamela,Minichi,pminichij6@techcrunch.com,Female,190.225.117.74
692,Ianthe,Emanuelov,iemanuelovj7@yahoo.com,Female,228.248.8.172
693,Kelli,Lorenzetti,klorenzettij8@creativecommons.org,Female,235.159.112.69
694,Celeste,Mannagh,cmannaghj9@comsenz.com,Female,43.23.109.172
695,Doll,O'Grady,dogradyja@cafepress.com,Female,24.239.73.138
696,Carolan,Smaleman,csmalemanjb@rediff.com,Female,235.174.246.84
697,Chicky,Ewence,cewencejc@trellian.com,Male,107.155.122.141
698,Addy,Habden,ahabdenjd@paypal.com,Male,27.37.96.147
699,Beckie,Darlington,bdarlingtonje@cnet.com,Agender,170.168.161.128
700,Crysta,Bearfoot,cbearfootjf@economist.com,Female,253.237.126.80
701,Esme,Mullender,emullenderjg@prnewswire.com,Male,232.28.112.222
702,Crawford,Crockley,ccrockleyjh@yelp.com,Male,244.57.251.63
703,Baird,Hillatt,bhillattji@guardian.co.uk,Male,104.132.221.231
704,Corney,Martinat,cmartinatjj@google.com.au,Male,81.234.56.37
705,Aurie,Gisbourn,agisbournjk@dot.gov,Female,98.35.81.249
706,Georg,Danielian,gdanielianjl@amazon.com,Male,152.141.142.43
707,Coriss,Wincom,cwincomjm@ca.gov,Female,180.193.168.37
708,Pauly,Ducker,pduckerjn@ask.com,Male,32.164.103.55
709,Annecorinne,Gibbens,agibbensjo@hatena.ne.jp,Female,101.93.61.11
710,Mikol,Spridgeon,mspridgeonjp@sphinn.com,Male,117.113.139.230
711,Levon,Haggleton,lhaggletonjq@thetimes.co.uk,Male,108.120.62.224
712,Guenna,Hubbuck,ghubbuckjr@mozilla.com,Female,4.31.8.31
713,Isabel,Mileham,imilehamjs@army.mil,Female,204.244.188.120
714,Dorris,Donohue,ddonohuejt@wisc.edu,Female,171.83.210.251
715,Ker,Blogg,kbloggju@reuters.com,Male,208.84.224.77
716,Vasili,Liverock,vliverockjv@hc360.com,Male,82.29.118.245
717,Ofilia,Berick,oberickjw@slate.com,Female,172.237.161.65
718,Bobby,Wickey,bwickeyjx@bbc.co.uk,Male,251.70.82.182
719,Brandise,Durrington,bdurringtonjy@paypal.com,Female,234.91.92.247
720,Casie,Brunskill,cbrunskilljz@blinklist.com,Female,88.234.207.77
721,Sophey,Descroix,sdescroixk0@usa.gov,Female,2.195.152.80
722,Lemmy,Jacomb,ljacombk1@upenn.edu,Male,134.84.75.12
723,Lilias,Pickworth,lpickworthk2@prlog.org,Female,115.132.232.241
724,Tallie,Gaddas,tgaddask3@google.com.hk,Male,154.29.92.189
725,Ryley,Buckby,rbuckbyk4@fotki.com,Male,126.223.94.77
726,Daloris,Peaddie,dpeaddiek5@gov.uk,Female,24.91.197.41
727,Obadias,Myerscough,omyerscoughk6@drupal.org,Male,62.5.36.88
728,Moira,Ferrari,mferrarik7@jugem.jp,Female,85.44.1.203
729,Kyle,Dulin,kdulink8@reuters.com,Male,74.144.143.242
730,Bonny,Lorrain,blorraink9@google.com.hk,Female,78.195.13.249
731,Jacob,O' Quirk,joquirkka@ustream.tv,Male,131.148.66.92
732,Rubia,Huntriss,rhuntrisskb@topsy.com,Female,184.180.139.254
733,Phillip,Geeritz,pgeeritzkc@un.org,Male,188.219.127.63
734,Shandie,Pinching,spinchingkd@marriott.com,Female,46.195.89.201
735,Lynnea,Winterson,lwintersonke@usa.gov,Female,222.171.75.152
736,Rosabelle,Radclyffe,rradclyffekf@newsvine.com,Female,130.178.86.119
737,Martha,Chaters,mchaterskg@microsoft.com,Female,31.226.244.164
738,Von,Rustich,vrustichkh@skyrock.com,Male,210.228.182.184
739,Lexine,Mabe,lmabeki@de.vu,Female,100.179.98.91
740,Kathi,Fonte,kfontekj@joomla.org,Female,70.48.78.135
741,Jed,Matura,jmaturakk@ow.ly,Male,158.245.116.152
742,Nealon,O'Flaverty,noflavertykl@ed.gov,Male,97.152.191.114
743,Lisette,McConnell,lmcconnellkm@mac.com,Genderfluid,202.22.121.242
744,Lamond,Binnie,lbinniekn@ftc.gov,Male,71.141.60.93
745,Faythe,Ducker,fduckerko@va.gov,Female,80.161.119.1
746,Konstantin,Peatheyjohns,kpeatheyjohnskp@tmall.com,Male,76.89.6.3
747,Nonna,Conochie,nconochiekq@independent.co.uk,Genderqueer,10.245.110.51
748,Jennica,Gilvary,jgilvarykr@cafepress.com,Female,242.107.38.61
749,Shannah,Pallaske,spallaskeks@apache.org,Female,85.67.121.23
750,Banky,Rean,breankt@cbsnews.com,Polygender,0.205.3.224
751,Langston,Huguet,lhuguetku@ucoz.com,Male,94.223.60.37
752,Ashlee,Bracken,abrackenkv@omniture.com,Female,161.19.210.92
753,Jecho,Faichnie,jfaichniekw@jugem.jp,Male,37.188.229.220
754,Adrian,Peers,apeerskx@instagram.com,Female,238.19.65.35
755,Albertine,McQuie,amcquieky@geocities.jp,Female,242.250.111.201
756,Broddie,Entreis,bentreiskz@jimdo.com,Genderfluid,133.72.79.152
757,Westley,Colecrough,wcolecroughl0@aboutads.info,Male,101.58.61.49
758,Sarina,Stutard,sstutardl1@cafepress.com,Female,133.235.60.251
759,Clem,Fearnley,cfearnleyl2@cargocollective.com,Genderqueer,244.153.22.146
760,Celinka,Cockrem,ccockreml3@boston.com,Female,193.232.91.68
761,Morris,Barkas,mbarkasl4@loc.gov,Male,50.184.48.128
762,Sig,Ambrogini,sambroginil5@opensource.org,Male,96.180.155.34
763,Emanuele,Aireton,eairetonl6@deliciousdays.com,Male,252.212.122.220
764,Giorgi,Josephsen,gjosephsenl7@mapy.cz,Male,16.148.177.170
765,Elfrida,Causnett,ecausnettl8@twitter.com,Female,162.178.103.185
766,Ulrick,Greenstead,ugreensteadl9@weather.com,Male,41.81.127.32
767,Paule,Ovill,povillla@npr.org,Female,218.229.212.196
768,Rodd,Rewcastle,rrewcastlelb@skyrock.com,Male,3.201.103.187
769,Corliss,Ungerer,cungererlc@chronoengine.com,Female,134.219.147.112
770,Zane,Gaskell,zgaskellld@wired.com,Male,135.150.1.158
771,Audy,Lyburn,alyburnle@xrea.com,Female,193.243.226.95
772,Meggi,Clewlow,mclewlowlf@tripadvisor.com,Female,85.17.145.78
773,Nesta,Lovat,nlovatlg@cornell.edu,Female,43.67.133.224
774,Putnam,Sillitoe,psillitoelh@webmd.com,Male,217.106.19.213
775,Brittani,Bortoluzzi,bbortoluzzili@cmu.edu,Female,233.214.204.87
776,Quinn,Yosselevitch,qyosselevitchlj@fema.gov,Male,164.220.19.228
777,Dee dee,Gannicleff,dganniclefflk@princeton.edu,Female,73.150.185.203
778,Adair,Crotty,acrottyll@discuz.net,Male,189.4.118.96
779,Buddy,Kaszper,bkaszperlm@ted.com,Male,123.204.216.251
780,Wilona,Rennie,wrennieln@senate.gov,Genderfluid,74.6.11.224
781,Paxon,Cluckie,pcluckielo@elpais.com,Male,166.115.65.121
782,Merrie,Colwill,mcolwilllp@storify.com,Female,247.32.216.168
783,Tye,Pastor,tpastorlq@blogtalkradio.com,Male,238.50.0.206
784,Henriette,Podbury,hpodburylr@themeforest.net,Female,67.54.79.182
785,Nissie,Ajean,najeanls@gnu.org,Female,205.146.135.148
786,Marion,Ebbers,mebberslt@usda.gov,Female,96.254.145.211
787,Marie,Kilmaster,mkilmasterlu@google.co.jp,Female,170.46.230.119
788,Arel,Lightfoot,alightfootlv@desdev.cn,Male,189.231.188.147
789,Janetta,Matton,jmattonlw@vimeo.com,Female,239.16.69.106
790,Baudoin,Easey,beaseylx@mediafire.com,Male,90.165.159.189
791,Eugenie,Halms,ehalmsly@comsenz.com,Female,22.81.196.190
792,Waylin,Gorey,wgoreylz@sina.com.cn,Male,220.83.117.185
793,Gayler,Treamayne,gtreamaynem0@ucoz.ru,Male,75.0.149.145
794,Normand,Griffen,ngriffenm1@domainmarket.com,Male,44.118.0.72
795,Kinna,Symson,ksymsonm2@telegraph.co.uk,Female,52.56.136.111
796,Barron,Pentercost,bpentercostm3@illinois.edu,Male,129.119.87.244
797,Raquel,Bachelor,rbachelorm4@census.gov,Female,128.137.242.158
798,Elizabet,Leser,eleserm5@yolasite.com,Female,239.143.255.136
799,Francine,Dur,fdurm6@statcounter.com,Female,177.136.147.52
800,Jenda,Kalkofen,jkalkofenm7@geocities.com,Female,7.169.210.116
801,Arabella,Godier,agodierm8@furl.net,Female,32.134.195.77
802,Ruben,Coffelt,rcoffeltm9@unc.edu,Male,24.6.47.22
803,Courtnay,Kearford,ckearfordma@yolasite.com,Male,71.234.162.91
804,Riordan,Ferriman,rferrimanmb@sitemeter.com,Male,232.186.230.23
805,Daffi,McMyler,dmcmylermc@stumbleupon.com,Female,200.0.102.239
806,Felix,Sanbrooke,fsanbrookemd@auda.org.au,Male,121.238.44.132
807,Joey,Hailes,jhailesme@ifeng.com,Female,85.29.186.229
808,Aguie,Rowlings,arowlingsmf@flickr.com,Polygender,146.15.2.143
809,Leighton,Jamieson,ljamiesonmg@topsy.com,Male,234.244.80.180
810,Marty,Yeliashev,myeliashevmh@nydailynews.com,Male,31.131.8.164
811,Franky,Caselick,fcaselickmi@simplemachines.org,Female,105.192.74.44
812,Kerr,Tomczykiewicz,ktomczykiewiczmj@goo.gl,Male,154.246.8.96
813,Minnnie,Howels,mhowelsmk@t-online.de,Female,233.131.228.214
814,Emlyn,Shingfield,eshingfieldml@skyrock.com,Female,66.132.153.250
815,Gilly,Armitage,garmitagemm@t.co,Female,236.17.155.96
816,Phillie,Zecchinelli,pzecchinellimn@dyndns.org,Female,214.46.248.158
817,Biron,Kinane,bkinanemo@printfriendly.com,Male,33.69.47.72
818,Susette,Giovanardi,sgiovanardimp@netscape.com,Female,130.183.19.160
819,Faina,Silwood,fsilwoodmq@utexas.edu,Female,182.231.53.240
820,Maire,Abrahamsson,mabrahamssonmr@a8.net,Female,122.3.225.63
821,Bride,Gunningham,bgunninghamms@jiathis.com,Polygender,217.17.196.150
822,Demetre,Clapton,dclaptonmt@cdc.gov,Male,85.142.40.72
823,Alvinia,Eastby,aeastbymu@arizona.edu,Female,85.107.221.171
824,Michelina,Caulwell,mcaulwellmv@feedburner.com,Female,16.175.31.247
825,Lucina,Salter,lsaltermw@mysql.com,Genderfluid,10.217.79.41
826,Adeline,Cheyne,acheynemx@elegantthemes.com,Female,158.194.119.173
827,Ketty,Averill,kaverillmy@apple.com,Female,113.36.79.169
828,Tobey,Carnson,tcarnsonmz@wordpress.org,Female,172.106.169.89
829,Graeme,Newson,gnewsonn0@cyberchimps.com,Male,186.40.125.35
830,Hadria,Cock,hcockn1@smh.com.au,Female,60.203.171.60
831,Ashlin,Ceeley,aceeleyn2@last.fm,Male,141.183.121.101
832,Paulie,Antczak,pantczakn3@ca.gov,Female,164.112.143.147
833,Elmer,Grigorey,egrigoreyn4@cbsnews.com,Male,11.139.248.89
834,Esme,Hiner,ehinern5@dion.ne.jp,Male,247.207.144.166
835,Constantin,Glaysher,cglayshern6@cpanel.net,Male,212.216.190.246
836,Ferguson,Bambrugh,fbambrughn7@umn.edu,Male,164.244.79.121
837,Ganny,Richel,gricheln8@hatena.ne.jp,Male,49.89.26.72
838,Merilee,Sturge,msturgen9@vimeo.com,Female,38.203.246.245
839,Esma,Ritmeier,eritmeierna@linkedin.com,Female,239.158.161.249
840,Abrahan,Lardnar,alardnarnb@xinhuanet.com,Male,203.168.201.250
841,Mohandas,Bexley,mbexleync@wired.com,Male,140.69.49.89
842,Brenn,Willford,bwillfordnd@yelp.com,Female,244.233.14.154
843,Giovanni,Lune,glunene@ft.com,Male,99.232.15.98
844,Alyssa,Spir,aspirnf@tamu.edu,Female,240.172.145.144
845,Arleyne,Schimek,aschimekng@instagram.com,Female,48.78.92.110
846,Aubert,MacGlory,amacglorynh@bloglines.com,Male,39.103.19.152
847,Mathe,Applin,mapplinni@list-manage.com,Male,102.205.159.92
848,Dennie,Glennon,dglennonnj@abc.net.au,Male,231.126.130.45
849,Pietrek,Queree,pquereenk@tumblr.com,Male,149.96.10.99
850,Tamara,Chevin,tchevinnl@domainmarket.com,Female,84.234.218.66
851,Corey,Paddison,cpaddisonnm@mediafire.com,Male,4.198.203.62
852,Wilmette,Norway,wnorwaynn@163.com,Female,157.84.146.87
853,Janna,Rosenwald,jrosenwaldno@qq.com,Female,231.239.201.14
854,Jephthah,Goodlet,jgoodletnp@soup.io,Male,249.111.234.168
855,Waldemar,Scatcher,wscatchernq@com.com,Male,232.211.10.57
856,Ceciley,Bennit,cbennitnr@blinklist.com,Female,148.69.104.129
857,Kimble,Streader,kstreaderns@scribd.com,Male,199.76.52.19
858,Hilliard,Blinckhorne,hblinckhornent@intel.com,Male,173.26.2.15
859,Robbi,Cubbini,rcubbininu@youtu.be,Female,20.143.122.74
860,Berky,Sandifer,bsandifernv@nasa.gov,Male,42.108.177.128
861,Elton,Whitcher,ewhitchernw@archive.org,Male,144.174.161.95
862,Nickolaus,Parsell,nparsellnx@miibeian.gov.cn,Male,27.177.230.80
863,Von,Kayne,vkayneny@twitter.com,Male,1.68.191.210
864,Benny,Grannell,bgrannellnz@ameblo.jp,Female,175.11.243.9
865,Sibylla,Mussolini,smussolinio0@wsj.com,Female,38.35.44.146
866,Witty,Berks,wberkso1@nps.gov,Genderqueer,132.3.140.173
867,Herta,Putterill,hputterillo2@oakley.com,Female,187.240.91.6
868,Sarine,Fishbourne,sfishbourneo3@google.fr,Female,218.254.221.58
869,Waylen,Foch,wfocho4@naver.com,Male,60.2.89.140
870,Zorine,Beazer,zbeazero5@nyu.edu,Polygender,101.93.107.93
871,Raul,Abrahamsen,rabrahamseno6@comcast.net,Male,213.118.223.242
872,Cordy,Wooland,cwoolando7@buzzfeed.com,Female,255.114.172.183
873,Darbie,Khristyukhin,dkhristyukhino8@clickbank.net,Genderfluid,197.147.146.155
874,Britteny,Camolli,bcamollio9@freewebs.com,Female,98.154.27.105
875,Una,Roark,uroarkoa@state.tx.us,Female,201.123.145.25
876,Aggie,Prinnett,aprinnettob@prnewswire.com,Polygender,130.235.44.72
877,Gilles,Denzilow,gdenzilowoc@auda.org.au,Male,67.43.147.142
878,Linnie,Mounsey,lmounseyod@w3.org,Female,30.39.23.98
879,Issie,Depka,idepkaoe@noaa.gov,Female,101.251.233.48
880,Jamima,Palfery,jpalferyof@soundcloud.com,Female,228.24.18.145
881,Coreen,Henzley,chenzleyog@goo.gl,Female,64.207.253.54
882,Batsheva,Sawfoot,bsawfootoh@yahoo.co.jp,Female,192.21.139.228
883,Dannye,Habin,dhabinoi@oaic.gov.au,Female,172.231.184.155
884,Marianna,Peller,mpelleroj@clickbank.net,Female,234.8.38.213
885,Clement,Newhouse,cnewhouseok@google.nl,Male,250.193.167.125
886,Giffard,Vigars,gvigarsol@feedburner.com,Male,11.217.224.162
887,Ruperto,Darque,rdarqueom@opera.com,Male,220.149.29.142
888,Buckie,Giacomi,bgiacomion@digg.com,Male,152.79.16.51
889,Jeanine,Haggard,jhaggardoo@umn.edu,Female,89.48.191.204
890,Britta,Benjafield,bbenjafieldop@state.tx.us,Female,68.147.117.152
891,Konrad,Ball,kballoq@scribd.com,Male,153.118.27.2
892,Carey,O' Dornan,codornanor@google.fr,Female,181.139.144.37
893,Myra,Mellonby,mmellonbyos@infoseek.co.jp,Female,252.170.65.6
894,Sarah,Oldacre,soldacreot@addthis.com,Female,9.62.21.41
895,Veronica,Mossop,vmossopou@slideshare.net,Polygender,160.17.78.88
896,Nicola,Huckin,nhuckinov@blogspot.com,Male,64.69.249.234
897,Cece,Doy,cdoyow@theguardian.com,Male,158.22.109.34
898,Roley,Whitworth,rwhitworthox@wunderground.com,Male,84.137.4.28
899,Traver,Dozdill,tdozdilloy@umich.edu,Male,170.219.222.34
900,Anton,Ventris,aventrisoz@globo.com,Male,148.46.5.42
901,Ginger,Ambrogetti,gambrogettip0@vinaora.com,Male,163.104.50.13
902,Corilla,Briddle,cbriddlep1@loc.gov,Female,214.101.7.15
903,Saraann,Mortimer,smortimerp2@google.it,Non-binary,109.21.9.214
904,Shepperd,Bierling,sbierlingp3@dyndns.org,Bigender,126.51.123.37
905,Osborne,Gossage,ogossagep4@ebay.com,Male,132.41.177.6
906,Ingrid,Presser,ipresserp5@posterous.com,Female,130.224.77.34
907,Jeannette,Holah,jholahp6@clickbank.net,Female,157.201.26.46
908,Delmor,Whal,dwhalp7@chron.com,Male,20.78.85.68
909,Anet,Cudworth,acudworthp8@t-online.de,Female,69.214.27.252
910,Gloria,Tue,gtuep9@hud.gov,Female,138.25.136.211
911,Tiebout,Elsop,telsoppa@globo.com,Non-binary,175.88.74.141
912,Claybourne,Durnill,cdurnillpb@indiegogo.com,Male,87.221.96.78
913,Corie,Beastall,cbeastallpc@miitbeian.gov.cn,Polygender,29.246.0.52
914,Doralynn,Duckels,dduckelspd@hugedomains.com,Female,196.78.74.23
915,Johny,Ivanuschka,jivanuschkape@fema.gov,Male,107.178.12.184
916,Sherri,Brisse,sbrissepf@mapy.cz,Female,48.81.186.252
917,Sebastien,Clougher,sclougherpg@php.net,Male,202.135.250.252
918,Elvina,Kilty,ekiltyph@mlb.com,Female,197.79.141.135
919,Garrick,Keller,gkellerpi@alibaba.com,Male,245.60.245.182
920,Herb,Phear,hphearpj@globo.com,Male,81.156.245.132
921,Miranda,Helian,mhelianpk@jugem.jp,Female,143.161.38.84
922,Godart,Bryden,gbrydenpl@so-net.ne.jp,Male,192.120.192.183
923,Sancho,Kingscott,skingscottpm@omniture.com,Polygender,95.45.67.146
924,Filbert,Agass,fagasspn@studiopress.com,Male,59.88.180.123
925,Arin,Lamps,alampspo@com.com,Male,53.6.27.1
926,Lexie,Beeswing,lbeeswingpp@businessweek.com,Female,188.163.156.125
927,Nolana,Marcroft,nmarcroftpq@nyu.edu,Female,137.172.13.83
928,Basil,Belton,bbeltonpr@guardian.co.uk,Male,249.228.25.91
929,Ketty,Grabeham,kgrabehamps@google.es,Female,154.226.210.228
930,Lianna,Kubacek,lkubacekpt@nih.gov,Female,21.217.213.244
931,Zackariah,Attle,zattlepu@ehow.com,Male,21.107.218.246
932,Sisely,Cleyne,scleynepv@studiopress.com,Female,86.89.226.140
933,Hebert,Fessler,hfesslerpw@dropbox.com,Male,84.191.159.96
934,Curtice,Lepope,clepopepx@zimbio.com,Male,87.25.54.90
935,Ariela,Wozencraft,awozencraftpy@amazon.com,Female,109.8.195.162
936,Asia,Matyushkin,amatyushkinpz@1und1.de,Female,146.194.25.229
937,Bevon,Piper,bpiperq0@nifty.com,Male,157.177.172.227
938,Brady,Stearn,bstearnq1@yahoo.com,Male,105.201.171.12
939,Dalt,Lobe,dlobeq2@homestead.com,Genderfluid,81.134.28.84
940,Timothee,Bryenton,tbryentonq3@bluehost.com,Male,161.227.100.244
941,Doug,Flintiff,dflintiffq4@google.co.uk,Male,218.155.65.80
942,Bonita,Gane,bganeq5@themeforest.net,Female,248.165.212.31
943,Joe,Vanelli,jvanelliq6@sohu.com,Male,166.95.121.1
944,Eleanore,O'Monahan,eomonahanq7@about.me,Female,202.55.253.234
945,Tyler,Bohman,tbohmanq8@kickstarter.com,Male,179.65.107.187
946,Delcine,Haggath,dhaggathq9@de.vu,Female,115.249.149.244
947,Eunice,Hallex,ehallexqa@geocities.com,Female,144.30.131.211
948,Fonzie,Godlip,fgodlipqb@bigcartel.com,Male,92.233.89.82
949,Eldredge,Knapman,eknapmanqc@dailymotion.com,Male,199.90.21.133
950,Maggee,Rash,mrashqd@ibm.com,Female,176.166.17.99
951,Conway,Attew,cattewqe@symantec.com,Genderfluid,54.231.116.188
952,Avigdor,Wrigley,awrigleyqf@discuz.net,Male,11.14.79.71
953,Herschel,Weben,hwebenqg@quantcast.com,Male,224.100.38.224
954,Billie,Bailiss,bbailissqh@abc.net.au,Male,255.213.100.28
955,Timotheus,Tarzey,ttarzeyqi@acquirethisname.com,Male,240.10.132.33
956,Verene,Manton,vmantonqj@cloudflare.com,Female,106.115.120.17
957,Jerrilyn,Jacobovitz,jjacobovitzqk@auda.org.au,Female,162.40.178.52
958,Stella,Surplice,ssurpliceql@about.com,Female,116.239.131.192
959,Erena,Manilove,emaniloveqm@ucsd.edu,Female,166.135.227.153
960,Faythe,Pardie,fpardieqn@blinklist.com,Female,169.233.113.27
961,Bink,Bladge,bbladgeqo@si.edu,Male,196.109.149.69
962,Isak,Wreath,iwreathqp@theglobeandmail.com,Male,10.193.67.130
963,Beulah,Minney,bminneyqq@npr.org,Female,105.59.210.155
964,Hadria,Load,hloadqr@dailymotion.com,Female,91.148.118.98
965,Orazio,Lethbrig,olethbrigqs@tinypic.com,Male,32.208.26.60
966,Kippie,Stuckow,kstuckowqt@desdev.cn,Male,92.216.191.73
967,Patience,Grivori,pgrivoriqu@skype.com,Bigender,198.32.208.179
968,Siana,Libbis,slibbisqv@bigcartel.com,Female,222.46.124.175
969,Warde,Beveridge,wbeveridgeqw@php.net,Male,60.201.171.185
970,Israel,Daverin,idaverinqx@bloglines.com,Male,77.202.32.182
971,Samaria,Hathwood,shathwoodqy@wikispaces.com,Female,196.237.37.88
972,Mel,Manjin,mmanjinqz@e-recht24.de,Female,117.21.212.83
973,Tirrell,Feeny,tfeenyr0@shareasale.com,Male,109.21.200.31
974,Prudi,Godfree,pgodfreer1@irs.gov,Agender,103.90.131.180
975,Haslett,Haville,hhaviller2@booking.com,Male,109.67.115.54
976,Ivor,Bavister,ibavisterr3@oracle.com,Male,58.222.192.133
977,Jacob,Hartup,jhartupr4@ameblo.jp,Male,27.146.124.164
978,Roseline,Ferri,rferrir5@wikimedia.org,Female,59.110.206.193
979,Hunter,Bortolutti,hbortoluttir6@narod.ru,Male,9.20.27.209
980,Rab,Ludy,rludyr7@buzzfeed.com,Male,141.5.206.222
981,Mallory,McCray,mmccrayr8@sbwire.com,Female,167.249.163.152
982,Gloriana,Nornable,gnornabler9@hexun.com,Female,94.197.160.185
983,Yuma,Jeremiah,yjeremiahra@theglobeandmail.com,Male,223.179.101.227
984,Abby,Puxley,apuxleyrb@mapy.cz,Male,204.135.43.147
985,Kennith,Lafrentz,klafrentzrc@japanpost.jp,Male,29.25.44.196
986,Harmon,Kenrack,hkenrackrd@ocn.ne.jp,Male,70.106.93.4
987,Bone,Loughran,bloughranre@myspace.com,Male,128.90.138.235
988,Bald,GiacobbiniJacob,bgiacobbinijacobrf@reuters.com,Male,99.53.183.179
989,Berny,Grzes,bgrzesrg@flickr.com,Male,101.136.210.92
990,Dexter,Bentson,dbentsonrh@studiopress.com,Male,63.33.195.111
991,Shay,D'Aubney,sdaubneyri@bloomberg.com,Female,89.121.147.103
992,Stacee,Swadling,sswadlingrj@stumbleupon.com,Male,99.131.153.224
993,Audrye,Michallat,amichallatrk@nytimes.com,Female,108.225.201.119
994,Marty,Orro,morrorl@amazonaws.com,Male,87.118.99.76
995,Brade,Peret,bperetrm@clickbank.net,Male,94.177.55.205
996,Domenic,Stoodale,dstoodalern@elpais.com,Male,225.162.141.135
997,Celia,Linzee,clinzeero@hubpages.com,Female,96.202.154.51
998,Hetty,Domanek,hdomanekrp@amazon.de,Non-binary,251.187.241.82
999,Delmer,Peotz,dpeotzrq@multiply.com,Male,226.1.194.104
1000,Sonia,Valentin,svalentinrr@merriam-webster.com,Female,202.108.222.26
